{"accuracy": [0.6276063323020935, 0.902001678943634, 0.9562135338783264, 0.956630527973175, 0.9720600247383118, 0.9820684194564819, 0.9820684194564819, 0.9666388630867004, 0.9866555333137512, 0.9891576170921326, 0.9908257126808167, 0.9937447905540466, 0.9891576170921326, 0.9949958324432373, 0.9966638684272766, 0.9783152341842651, 0.9891576170921326, 0.993327796459198, 0.9929107427597046, 0.993327796459198, 0.9929107427597046], "loss": [1.5326368808746338, 0.28119340538978577, 0.14603258669376373, 0.12731881439685822, 0.09305654466152191, 0.057183343917131424, 0.052559975534677505, 0.09135329723358154, 0.04503205046057701, 0.02916099689900875, 0.03107208013534546, 0.021318616345524788, 0.03471546247601509, 0.01302559208124876, 0.010263653472065926, 0.08375737071037292, 0.02982124499976635, 0.019501592963933945, 0.022556813433766365, 0.016928857192397118, 0.02429003082215786], "val_accuracy": [0.8784648180007935, 0.9019189476966858, 0.9125799536705017, 0.9339019060134888, 0.9786780476570129, 0.9381663203239441, 0.9104477763175964, 0.9253731369972229, 0.9530916810035706, 0.9317697286605835, 0.9573560953140259, 0.9637526869773865, 0.9232409596443176, 0.9253731369972229, 0.9211087226867676, 0.9424306750297546, 0.9381663203239441, 0.9530916810035706, 0.9275053143501282, 0.9765458703041077, 0.9722814559936523], "val_loss": [0.376301109790802, 0.23944354057312012, 0.2815418243408203, 0.2577887177467346, 0.18752892315387726, 0.3338077962398529, 0.4548604488372803, 0.39035525918006897, 0.3818294405937195, 0.3322906196117401, 0.1477668583393097, 0.3737950623035431, 0.6943705081939697, 0.48211702704429626, 0.6884995102882385, 0.2873184084892273, 0.5427165031433105, 0.783601701259613, 0.4469713270664215, 0.48728302121162415, 0.5622890591621399]}